,Unnamed: 0,Unnamed: 0.1,Unnamed: 0.1.1,id,date,confirmed,school_closing,workplace_closing,gatherings_restrictions,transport_closing,international_movement_restrictions,new_cases,new_cases_clean,confirmed_clean
0,0,0,796,ARE,2020-01-11,0,0,0,0,0,0,0,0.0,0.0
1,1,1,797,ARE,2020-01-12,0,0,0,0,0,0,0,0.0,0.0
2,2,2,798,ARE,2020-01-13,0,0,0,0,0,0,0,0.0,0.0
3,3,3,799,ARE,2020-01-14,0,0,0,0,0,0,0,0.0,0.0
4,4,4,800,ARE,2020-01-15,0,0,0,0,0,0,0,0.0,0.0
5,5,5,801,ARE,2020-01-16,0,0,0,0,0,0,0,0.0,0.09811662618577932
6,6,6,802,ARE,2020-01-17,0,0,0,0,0,0,0,0.0,0.4972740297573455
7,7,7,803,ARE,2020-01-18,0,0,0,0,0,0,0,0.0,0.8563337497940262
8,8,8,804,ARE,2020-01-19,0,0,0,0,0,0,0,0.0,1.1783981646788906
9,9,9,805,ARE,2020-01-20,0,0,0,0,0,0,0,0.0,1.4665696527950098
10,10,10,806,ARE,2020-01-21,0,0,0,0,0,0,0,0.0,1.7239505925254532
11,11,11,807,ARE,2020-01-22,0,0,0,0,0,0,0,0.0,1.95364336225329
12,12,12,808,ARE,2020-01-23,0,0,0,0,0,1,0,0.0,2.158750340361591
13,13,13,809,ARE,2020-01-24,0,0,0,0,0,1,0,0.0,2.3423739052334254
14,14,14,810,ARE,2020-01-25,0,0,0,0,0,1,0,0.0,2.5076164352518635
15,15,15,811,ARE,2020-01-26,0,0,0,0,0,1,0,0.0,2.6575803087999743
16,16,16,812,ARE,2020-01-27,1,0,0,0,0,1,1,0.0,2.795367904260829
17,17,17,813,ARE,2020-01-28,1,0,0,0,0,1,0,0.0,2.924081600017498
18,18,18,814,ARE,2020-01-29,4,0,0,0,0,1,3,0.0,3.04682377445305
19,19,19,815,ARE,2020-01-30,4,0,0,0,0,1,0,0.0,3.1666968059505525
20,20,20,816,ARE,2020-01-31,4,0,0,0,0,1,0,0.0,3.28680307289308
21,21,21,817,ARE,2020-02-01,4,0,0,0,0,1,0,0.0,3.4102449536637014
22,22,22,818,ARE,2020-02-02,5,0,0,0,0,1,1,0.0,3.5401248266454832
23,23,23,819,ARE,2020-02-03,5,0,0,0,0,1,0,0.0,3.6795450702214985
24,24,24,820,ARE,2020-02-04,5,0,0,0,0,1,0,0.0,3.8316080627748175
25,25,25,821,ARE,2020-02-05,5,0,0,0,0,1,0,0.0,3.999416182688506
26,26,26,822,ARE,2020-02-06,5,0,0,0,0,1,0,0.0,4.186071808345639
27,27,27,823,ARE,2020-02-07,5,0,0,0,0,1,0,0.0,4.394677318129284
28,28,28,824,ARE,2020-02-08,7,0,0,0,0,1,2,0.0,4.628335090422348
29,29,29,825,ARE,2020-02-09,7,0,0,0,0,1,0,0.0,4.754196739923599
30,30,30,826,ARE,2020-02-10,8,0,0,0,0,1,1,0.0,5.002757278403844
31,31,31,827,ARE,2020-02-11,8,0,0,0,0,1,0,0.0,4.6682345308570214
32,32,32,828,ARE,2020-02-12,8,0,0,0,0,1,0,0.0,4.571162111750707
33,33,33,829,ARE,2020-02-13,8,0,0,0,0,1,0,0.0,4.434595734327954
34,34,34,830,ARE,2020-02-14,8,0,0,0,0,1,0,0.0,4.560538480252856
35,35,35,831,ARE,2020-02-15,8,0,0,0,0,1,0,0.0,4.935203957505294
36,36,36,832,ARE,2020-02-16,9,0,0,0,0,1,1,0.0,5.231692482361336
37,37,37,833,ARE,2020-02-17,9,0,0,0,0,1,0,0.0,5.8073148974128115
38,38,38,834,ARE,2020-02-18,9,0,0,0,0,1,0,0.0,6.646176303624767
39,39,39,835,ARE,2020-02-19,9,0,0,0,0,1,0,0.0,7.371097234611683
40,40,40,836,ARE,2020-02-20,9,0,0,0,0,1,0,0.0,7.744059686967522
41,41,41,837,ARE,2020-02-21,9,0,0,0,0,1,0,0.0,8.517476279295769
42,42,42,838,ARE,2020-02-22,13,0,0,0,0,1,4,0.0,9.35552672127125
43,43,43,839,ARE,2020-02-23,13,0,0,0,0,1,0,0.0,10.606601248884537
44,44,44,840,ARE,2020-02-24,13,0,0,0,0,3,0,0.0,11.16203065444773
45,45,45,841,ARE,2020-02-25,13,0,0,0,0,3,0,0.0,11.105993025707157
46,46,46,842,ARE,2020-02-26,13,0,0,0,0,3,0,0.0,9.76246857513547
47,47,47,843,ARE,2020-02-27,13,0,0,0,0,3,0,0.0,9.603925066904187
48,48,48,844,ARE,2020-02-28,19,0,0,0,0,3,6,0.0,8.770578217500269
49,49,49,845,ARE,2020-02-29,21,0,0,0,0,3,2,0.0,7.746979158218813
50,50,50,846,ARE,2020-03-01,21,2,1,0,0,3,0,0.0,5.809747790122214
51,51,51,847,ARE,2020-03-02,21,2,1,0,0,3,0,0.0,4.836509609925984
52,52,52,848,ARE,2020-03-03,27,2,1,0,0,3,6,0.0,4.605384802529986
53,53,53,849,ARE,2020-03-04,27,2,1,0,0,3,0,0.0,2.9181737085392627
54,54,54,850,ARE,2020-03-05,29,2,1,0,0,3,2,0.0,0.0
55,55,55,851,ARE,2020-03-06,29,2,1,0,0,3,0,0.0,0.0
56,56,56,852,ARE,2020-03-07,45,2,1,0,0,3,16,0.0,0.0
57,57,57,853,ARE,2020-03-08,45,3,1,0,0,3,0,41.82308488931288,0.0
58,58,58,854,ARE,2020-03-09,45,3,1,0,0,3,0,27.10582856908507,0.0
59,59,59,855,ARE,2020-03-10,74,3,1,0,0,3,29,14.544330714145394,0.0
60,60,60,856,ARE,2020-03-11,74,3,1,0,0,3,0,4.06676107349783,0.0
61,61,61,857,ARE,2020-03-12,85,3,1,0,0,3,11,-4.398710603853644,0.0
62,62,62,858,ARE,2020-03-13,85,3,1,0,0,3,0,-10.923914568905056,0.0
63,63,63,859,ARE,2020-03-14,85,3,1,0,0,3,0,-15.580681072652395,0.0
64,64,64,860,ARE,2020-03-15,98,3,1,0,0,3,13,-18.44084036609172,0.0
65,65,65,861,ARE,2020-03-16,98,3,1,0,0,3,0,-19.576222700219034,0.0
66,66,66,862,ARE,2020-03-17,98,3,1,0,0,3,0,-19.058658326030354,0.0
67,67,67,863,ARE,2020-03-18,113,3,1,0,0,3,15,-16.95997749452171,0.0
68,68,68,864,ARE,2020-03-19,140,3,1,0,0,3,27,-13.352010456689115,0.0
69,69,69,865,ARE,2020-03-20,140,3,1,0,0,3,0,-8.306587463528588,8.722650231123888
70,70,70,866,ARE,2020-03-21,153,3,1,0,0,3,13,-1.8955387660361684,55.3410104614361
71,71,71,867,ARE,2020-03-22,153,3,1,0,0,3,0,5.809305384792148,108.90933419835736
72,72,72,868,ARE,2020-03-23,198,3,1,0,0,3,45,14.736114737960337,170.32730516583553
73,73,73,869,ARE,2020-03-24,248,3,1,0,0,3,50,24.81305904247237,240.51147514393705
74,74,74,870,ARE,2020-03-25,333,3,2,0,0,4,85,35.96830804733225,320.6397696861448
75,75,75,871,ARE,2020-03-26,333,3,2,0,1,4,0,48.130031501543954,410.76782093908133
76,76,76,872,ARE,2020-03-27,405,3,2,4,1,4,72,61.22639915411133,511.70343037870146
77,77,77,873,ARE,2020-03-28,468,3,2,4,1,4,63,75.18558075403857,624.3738545129933
78,78,78,874,ARE,2020-03-29,570,3,2,4,1,4,102,89.93574605032957,749.4663044359472
79,79,79,875,ARE,2020-03-30,611,3,2,4,1,4,41,105.4050647919882,888.8430784202098
80,80,80,876,ARE,2020-03-31,664,3,2,4,1,4,53,121.52170672801857,1041.7862298272273
81,81,81,877,ARE,2020-04-01,814,3,2,4,1,4,150,138.21384160742468,1208.9337442218366
82,82,82,878,ARE,2020-04-02,1024,3,2,4,1,4,210,155.40963917921044,1390.6761819803246
83,83,83,879,ARE,2020-04-03,1264,3,2,4,1,4,240,173.0372691923798,1587.4821993349524
84,84,84,880,ARE,2020-04-04,1505,3,2,4,2,4,241,191.02490139593672,1799.6720460627039
85,85,85,881,ARE,2020-04-05,1799,3,2,4,2,4,294,209.3007055388784,2028.0250587948349
86,86,86,882,ARE,2020-04-06,2076,3,2,4,2,4,277,226.08563782336404,2272.40085962201
87,87,87,883,ARE,2020-04-07,2359,3,2,4,2,4,283,243.17046468249896,2535.567593869021
88,88,88,884,ARE,2020-04-08,2659,3,2,4,2,4,300,262.973238180187,2816.0134620062263
89,89,89,885,ARE,2020-04-09,2990,3,2,4,2,4,331,280.45851917929434,3114.083042737705
90,90,90,886,ARE,2020-04-10,3360,3,2,4,2,4,370,298.9565323169144,3428.562241505029
91,91,91,887,ARE,2020-04-11,3736,3,2,4,2,4,376,315.91857919064665,3757.3223582838673
92,92,92,888,ARE,2020-04-12,4123,3,2,4,2,4,387,331.0952882977745,4096.655259102929
93,93,93,889,ARE,2020-04-13,4521,3,2,4,2,4,398,342.62809180113965,4450.039169572466
94,94,94,890,ARE,2020-04-14,4933,3,2,4,2,4,412,357.16811288620926,4814.777471413341
95,95,95,891,ARE,2020-04-15,5365,3,2,4,2,4,432,369.43621766278807,5192.713567431493
96,96,96,892,ARE,2020-04-16,5825,3,2,4,2,4,460,383.4491119941477,5584.989133079034
97,97,97,893,ARE,2020-04-17,6302,3,2,4,1,4,477,398.5730273294809,5990.662963263109
98,98,98,894,ARE,2020-04-18,6302,3,2,4,1,4,0,412.7780390884618,6407.839429080952
99,99,99,895,ARE,2020-04-19,6781,3,2,4,1,4,479,425.3443354147933,6838.48957910932
100,100,100,896,ARE,2020-04-20,7265,3,2,4,1,4,484,439.6078176952241,7279.483010298991
101,101,101,897,ARE,2020-04-21,7755,3,2,4,1,4,490,451.1625983293979,7731.071364852541
102,102,102,898,ARE,2020-04-22,8238,3,2,4,1,4,483,462.0845024734248,8191.970886383623
103,103,103,899,ARE,2020-04-23,8756,3,2,4,1,4,518,471.0845835698481,8664.721839266584
104,104,104,900,ARE,2020-04-24,9281,3,2,4,1,4,525,482.3523639607325,9144.692239071936
105,105,105,901,ARE,2020-04-25,9813,3,2,4,1,4,532,491.36509609924485,9638.457546021882
106,106,106,902,ARE,2020-04-26,10349,3,2,4,1,4,536,506.10842591839935,10146.002432892354
107,107,107,903,ARE,2020-04-27,10839,3,2,4,1,4,490,520.7700105425167,10666.654042656346
108,108,108,904,ARE,2020-04-28,11380,3,2,4,1,4,541,533.4121320249591,11199.144919308665
109,109,109,905,ARE,2020-04-29,11929,3,2,4,1,4,549,547.4607898791472,11740.162273943306
110,110,110,906,ARE,2020-04-30,12481,3,2,4,1,4,552,556.3762874057059,12299.447408968834
111,111,111,907,ARE,2020-05-01,13038,3,2,4,1,4,557,572.5288297785868,12875.06779660972
112,112,112,908,ARE,2020-05-02,13599,3,2,4,1,4,561,587.3383342794377,13464.471170220922
113,113,113,909,ARE,2020-05-03,14163,3,2,4,1,4,564,600.1454058875794,14068.424458680876
114,114,114,910,ARE,2020-05-04,14730,3,2,4,1,4,567,614.3743410915364,14687.884113210093
115,115,115,911,ARE,2020-05-05,15192,3,2,4,1,4,462,628.0231935771412,15322.179628577842
116,116,116,912,ARE,2020-05-06,15738,3,2,4,1,4,546,642.7184332170727,15970.652988402651
117,117,117,913,ARE,2020-05-07,16240,3,2,4,1,4,502,656.1290244100005,16630.105749735856
118,118,118,914,ARE,2020-05-08,16793,3,2,4,1,4,553,665.9517476279065,17301.131051820008
119,119,119,915,ARE,2020-05-09,17417,3,2,4,1,4,624,675.8384559240701,17983.59451788113
120,120,120,916,ARE,2020-05-10,18198,3,2,4,1,4,781,685.1641391614389,18678.6819398258
121,121,121,917,ARE,2020-05-11,18878,3,2,4,1,4,680,696.3826940231693,19384.58048819979
122,122,122,918,ARE,2020-05-12,19661,3,2,4,1,4,783,705.5561592733516,20101.266077365282
123,123,123,919,ARE,2020-05-13,20386,3,2,4,1,4,725,714.5919227961798,20825.875760278246
124,124,124,920,ARE,2020-05-14,21084,3,2,4,1,4,698,720.5632146622082,21560.892303948644
125,125,125,921,ARE,2020-05-15,21831,3,2,4,1,4,747,728.713486335227,22304.734247018932
126,126,126,922,ARE,2020-05-16,22627,3,2,4,1,4,796,734.8901143459317,23057.131132916227
127,127,127,923,ARE,2020-05-17,23358,3,2,4,1,4,731,740.9080366555576,23807.579433946124
128,128,128,924,ARE,2020-05-18,24190,3,2,4,1,4,832,750.4483010298985,24564.48268591269
129,129,129,925,ARE,2020-05-19,25063,3,2,4,1,4,873,756.9032519665619,25325.867731732138
130,130,130,926,ARE,2020-05-20,26004,3,2,4,1,4,941,761.3850458194528,26089.0833671226
131,131,131,927,ARE,2020-05-21,26898,3,2,4,1,4,894,763.2156353904527,26852.03941286095
132,132,132,928,ARE,2020-05-22,27892,3,2,4,1,4,994,762.9560457383564,27613.88630281308
133,133,133,929,ARE,2020-05-23,28704,3,2,4,1,4,812,761.8468899521265,28373.41667342371
134,134,134,930,ARE,2020-05-24,29485,3,2,4,1,4,781,759.5303706106297,29129.237855809537
135,135,135,931,ARE,2020-05-25,30307,3,2,4,1,4,822,755.8211823858304,29880.378152622423
136,136,136,932,ARE,2020-05-26,31086,3,2,4,1,4,779,751.1402968128842,30624.024491118867
137,137,137,933,ARE,2020-05-27,31969,3,2,4,1,4,883,743.6463384964462,31358.325115561307
138,138,138,934,ARE,2020-05-28,32532,3,2,4,1,4,563,734.3006244424364,32082.935609438497
139,139,139,935,ARE,2020-05-29,33170,3,2,4,1,4,638,724.6104938771948,32797.33184656441
140,140,140,936,ARE,2020-05-30,33896,3,2,4,1,4,726,714.3962371259178,33501.063822884236
141,141,141,937,ARE,2020-05-31,34557,3,2,4,1,4,661,703.7319763198198,34191.83894250143
142,142,142,938,ARE,2020-06-01,35192,3,2,4,1,4,635,690.7751196172007,34868.52088232787
143,143,143,939,ARE,2020-06-02,35788,3,2,4,1,3,596,676.6819398264299,35531.02473440797
144,144,144,940,ARE,2020-06-03,36359,3,2,4,1,3,571,662.5038520801003,36175.85645932888
145,145,145,941,ARE,2020-06-04,37018,3,2,4,1,3,659,644.8317249209083,36803.974941203815
146,146,146,942,ARE,2020-06-05,37642,3,2,4,1,3,624,628.1184818749272,37406.46768307387
147,147,147,943,ARE,2020-06-06,38268,3,2,4,1,3,626,602.4927418700624,37983.66734246887
148,148,148,944,ARE,2020-06-07,38808,3,2,4,1,3,540,577.1996593950005,38538.748033410375
149,149,149,945,ARE,2020-06-08,39376,3,2,4,1,3,568,555.0806909415098,39080.457302731586
150,150,150,946,ARE,2020-06-09,39904,3,2,4,1,3,528,541.709269321204,39606.35666206983
151,151,151,947,ARE,2020-06-10,40507,3,2,4,1,3,603,525.8993593382346,40121.631497849536
152,152,152,948,ARE,2020-06-11,40986,3,2,4,1,3,479,515.274835779724,40622.78306706532
153,153,153,949,ARE,2020-06-12,41499,3,2,4,1,3,513,501.15156921578006,41110.88443759486
154,154,154,950,ARE,2020-06-13,41990,3,2,4,1,3,491,488.10137052954246,41589.09439623567
155,155,155,951,ARE,2020-06-14,42294,3,2,4,1,3,304,478.20995864080703,42058.89262833361
156,156,156,952,ARE,2020-06-15,42636,3,2,4,1,3,342,469.7982320979481,42520.092125535775
157,157,157,953,ARE,2020-06-16,42982,3,2,4,1,3,346,461.1994972021572,42974.65071770184
158,158,158,954,ARE,2020-06-17,43364,3,2,4,1,3,382,454.5585921660696,43426.64325683085
159,159,159,955,ARE,2020-06-18,43752,3,2,4,1,3,388,451.99253912900855,43878.19090097972
160,160,160,956,ARE,2020-06-19,44145,3,2,4,1,3,393,451.54764414887717,44328.41797096593
161,161,161,957,ARE,2020-06-20,44533,3,2,4,1,3,388,450.2270699861978,44780.9899440419
162,162,162,958,ARE,2020-06-21,44925,3,2,4,1,3,392,452.57197307597147,45233.81704646666
163,163,163,959,ARE,2020-06-22,45303,3,2,4,1,3,378,452.82710242476713,45684.71624361206
164,164,164,960,ARE,2020-06-23,45683,3,2,4,1,3,380,450.89919714539,46134.41448381966
165,165,165,961,ARE,2020-06-24,46133,3,2,4,1,3,450,449.6982402075911,46584.138593786374
166,166,166,962,ARE,2020-06-25,46563,3,2,4,1,3,430,449.7241099667346,47036.81039655987
167,167,167,963,ARE,2020-06-26,46973,3,2,4,1,3,410,452.6718027734819,47484.11037223092
168,168,168,964,ARE,2020-06-27,47360,3,2,4,1,3,387,447.2999756710572,47926.57700105257
169,169,169,965,ARE,2020-06-28,47797,3,2,4,1,3,437,442.4666288216534,48366.098937635164
170,170,170,966,ARE,2020-06-29,48246,3,2,4,1,3,449,439.5219365825814,48810.18506203705
171,171,171,967,ARE,2020-06-30,48667,3,2,4,1,3,421,441.48440092314047,49262.798708489514
172,172,172,968,ARE,2020-07-01,49069,3,2,4,1,3,402,443.3568795933828,49712.030864217246
173,173,173,969,ARE,2020-07-02,49469,3,2,4,1,3,400,445.0540214038624,50157.599798485506
174,174,174,970,ARE,2020-07-03,50141,3,2,2,1,2,672,446.49047516511865,50599.22378055783
175,175,175,971,ARE,2020-07-04,50857,3,2,2,1,2,716,447.5808896876903,51036.62107969773
176,176,176,972,ARE,2020-07-05,51540,3,0,2,1,2,683,448.239913782117,51469.50996516878
177,177,177,973,ARE,2020-07-06,52068,3,0,2,1,2,528,448.3821962589376,51897.608706234474
178,178,178,974,ARE,2020-07-07,52600,3,0,2,1,2,532,447.9223859286914,52320.63557215834
179,179,179,975,ARE,2020-07-08,53045,3,0,2,1,2,445,446.7751316019175,52738.30883220395
180,180,180,976,ARE,2020-07-09,53577,3,0,2,1,2,532,444.85508208915536,53150.34675563481
181,181,181,977,ARE,2020-07-10,54050,3,0,2,1,2,473,442.0768862009437,53556.46761171446
182,182,182,978,ARE,2020-07-11,54453,3,0,2,1,2,403,438.35519274782206,53956.389669706434
183,183,183,979,ARE,2020-07-12,54854,3,0,2,1,2,401,433.60465054032943,54349.83119887428
184,184,184,980,ARE,2020-07-13,55198,3,0,2,1,2,344,427.739908389005,54736.5104684815
185,185,185,981,ARE,2020-07-14,55573,3,0,2,1,2,375,420.67561510438827,55116.14574779166
186,186,186,982,ARE,2020-07-15,55848,3,0,2,1,2,275,412.3264194970179,55488.455306068274
187,187,187,983,ARE,2020-07-16,56129,3,0,2,1,2,281,402.60697037743347,55853.15741257488
188,188,188,984,ARE,2020-07-17,56422,3,0,2,1,2,293,391.4319165561738,56209.97033657502
189,189,189,985,ARE,2020-07-18,56711,3,0,2,1,2,289,378.71590684377884,56558.612347332215
190,190,190,986,ARE,2020-07-19,56922,3,0,2,1,2,211,364.3735900507869,56898.80171411
191,191,191,987,ARE,2020-07-20,57193,3,0,2,1,2,271,348.3196149877372,57230.256706171924
192,192,192,988,ARE,2020-07-21,57498,3,0,2,1,2,305,330.46863046516967,57552.695592781485
193,193,193,989,ARE,2020-07-22,57734,3,0,2,1,2,236,310.7352852936227,57865.83664320227
194,194,194,990,ARE,2020-07-23,57988,3,0,2,1,2,254,289.034228283636,58169.398126697764
195,195,195,991,ARE,2020-07-24,58249,3,0,2,1,2,261,265.28010824574835,58463.098312531525
196,196,196,992,ARE,2020-07-25,58562,3,0,2,1,2,313,239.3875739904993,58746.65546996709
197,197,197,993,ARE,2020-07-26,58913,3,0,2,1,2,351,211.27127432842758,59019.78786826798
198,198,198,994,ARE,2020-07-27,58913,3,0,2,1,2,0,180.84585807007267,59282.213776697725
199,199,199,3383,BHR,2020-01-11,0,0,0,0,0,0,0,0.0,0.0
200,200,200,3384,BHR,2020-01-12,0,0,0,0,0,0,0,0.0,0.0
201,201,201,3385,BHR,2020-01-13,0,0,0,0,0,0,0,0.0,0.0
202,202,202,3386,BHR,2020-01-14,0,0,0,0,0,0,0,0.0,0.0
203,203,203,3387,BHR,2020-01-15,0,0,0,0,0,0,0,0.0,0.3427542342919869
204,204,204,3388,BHR,2020-01-16,0,0,0,0,0,0,0,0.0,1.1140019966499042
205,205,205,3389,BHR,2020-01-17,0,0,0,0,0,0,0,0.0,1.7192292004651923
206,206,206,3390,BHR,2020-01-18,0,0,0,0,0,0,0,0.0,2.1699864932508492
207,207,207,3391,BHR,2020-01-19,0,0,0,0,0,0,0,0.0,2.4778245225198674
208,208,208,3392,BHR,2020-01-20,0,0,0,0,0,0,0,0.0,2.654293935785246
209,209,209,3393,BHR,2020-01-21,0,0,0,0,0,0,0,0.0,2.710945380559981
210,210,210,3394,BHR,2020-01-22,0,0,0,0,0,0,0,0.0,2.6593295043570686
211,211,211,3395,BHR,2020-01-23,0,0,0,0,0,0,0,0.0,2.5109969546895066
212,212,212,3396,BHR,2020-01-24,0,0,0,0,0,0,0,0.0,2.2774983790702885
213,213,213,3397,BHR,2020-01-25,0,0,0,0,0,0,0,0.0,1.9703844250124136
214,214,214,3398,BHR,2020-01-26,0,0,0,0,0,0,0,0.0,1.601205740028874
215,215,215,3399,BHR,2020-01-27,0,0,0,0,0,1,0,0.0,1.1815129716326682
216,216,216,3400,BHR,2020-01-28,0,0,0,0,0,1,0,0.0,0.7228567673367959
217,217,217,3401,BHR,2020-01-29,0,0,0,0,0,1,0,0.0,0.2367877746542506
218,218,218,3402,BHR,2020-01-30,0,0,0,0,0,1,0,0.0,0.0
219,219,219,3403,BHR,2020-01-31,0,0,0,0,0,1,0,0.0,0.0
220,220,220,3404,BHR,2020-02-01,0,0,0,0,0,1,0,0.0,0.0
221,221,221,3405,BHR,2020-02-02,0,0,0,0,0,1,0,0.0,0.0
222,222,222,3406,BHR,2020-02-03,0,0,0,0,0,1,0,0.0,0.0
223,223,223,3407,BHR,2020-02-04,0,0,0,0,0,1,0,0.0,0.0
224,224,224,3408,BHR,2020-02-05,0,0,0,0,0,1,0,0.0,0.0
225,225,225,3409,BHR,2020-02-06,0,0,0,0,0,1,0,0.0,0.0
226,226,226,3410,BHR,2020-02-07,0,0,0,0,0,1,0,0.0,0.0
227,227,227,3411,BHR,2020-02-08,0,0,0,0,0,1,0,0.0,0.0
228,228,228,3412,BHR,2020-02-09,0,0,0,0,0,1,0,0.0,0.0
229,229,229,3413,BHR,2020-02-10,0,0,0,0,0,1,0,0.0,0.0
230,230,230,3414,BHR,2020-02-11,0,0,0,0,0,1,0,0.0,0.0
231,231,231,3415,BHR,2020-02-12,0,0,0,0,0,3,0,0.0,0.0
232,232,232,3416,BHR,2020-02-13,0,0,0,0,0,3,0,0.0,0.0
233,233,233,3417,BHR,2020-02-14,0,0,0,0,0,3,0,0.0,0.0
234,234,234,3418,BHR,2020-02-15,0,0,0,0,0,3,0,0.0,0.0
235,235,235,3419,BHR,2020-02-16,0,0,0,0,0,3,0,0.0,0.0
236,236,236,3420,BHR,2020-02-17,0,0,0,0,0,3,0,0.0,0.0
237,237,237,3421,BHR,2020-02-18,0,0,0,0,0,3,0,0.0,0.0
238,238,238,3422,BHR,2020-02-19,0,0,0,0,0,3,0,0.0,0.0
239,239,239,3423,BHR,2020-02-20,0,0,0,0,0,3,0,0.0,1.6885086367690318
240,240,240,3424,BHR,2020-02-21,0,0,0,0,0,3,0,0.0,4.321871705457611
241,241,241,3425,BHR,2020-02-22,0,0,0,0,0,3,0,0.0,7.284242964884963
242,242,242,3426,BHR,2020-02-23,0,0,0,0,0,3,0,0.0,10.40183277917404
243,243,243,3427,BHR,2020-02-24,1,2,0,0,0,3,1,0.0,13.417322196090643
244,244,244,3428,BHR,2020-02-25,23,2,0,0,0,3,22,0.0,17.142729705619352
245,245,245,3429,BHR,2020-02-26,33,3,0,0,0,3,10,0.0,21.29478549995867
246,246,246,3430,BHR,2020-02-27,33,3,0,0,0,3,0,0.0,25.64131051820521
247,247,247,3431,BHR,2020-02-28,36,3,0,0,0,3,3,0.0,31.034952558591023
248,248,248,3432,BHR,2020-02-29,41,3,0,0,0,3,5,0.0,37.388938447813096
249,249,249,3433,BHR,2020-03-01,47,3,0,0,0,3,6,0.0,44.35917606033413
250,250,250,3434,BHR,2020-03-02,49,3,0,0,0,3,2,11.805746101079762,52.1396480415195
251,251,251,3435,BHR,2020-03-03,49,3,0,0,0,3,0,11.241919820005936,59.853702051737386
252,252,252,3436,BHR,2020-03-04,52,3,0,0,0,3,3,10.782824376706104,68.85402643743164
253,253,253,3437,BHR,2020-03-05,55,3,0,0,0,3,3,10.427977542638123,77.32341253750434
254,254,254,3438,BHR,2020-03-06,60,3,0,0,0,3,5,10.176897089259835,86.58348876814225
255,255,255,3439,BHR,2020-03-07,85,3,0,0,0,3,25,10.029100788029094,96.9724272159563
256,256,256,3440,BHR,2020-03-08,85,3,0,0,0,3,0,9.984106410403744,108.54894169166755
257,257,257,3441,BHR,2020-03-09,95,3,0,0,0,3,10,10.04143172784164,120.19519909171579
258,258,258,3442,BHR,2020-03-10,110,3,0,0,0,3,15,10.200594511800627,132.0715270456526
259,259,259,3443,BHR,2020-03-11,195,3,0,0,0,3,85,10.461112533738557,145.3363068688619
260,260,260,3444,BHR,2020-03-12,195,3,0,0,0,3,0,10.822503565113282,158.6590706349794
261,261,261,3445,BHR,2020-03-13,195,3,0,0,0,3,0,11.284285377382648,172.81801962532842
262,262,262,3446,BHR,2020-03-14,210,3,0,0,0,3,15,11.845975742004509,185.9841861973821
263,263,263,3447,BHR,2020-03-15,214,3,0,0,0,3,4,12.507092430436705,198.9781039656081
264,264,264,3448,BHR,2020-03-16,214,3,0,0,0,3,0,13.267153214137096,208.95223420646408
265,265,265,3449,BHR,2020-03-17,228,3,0,0,0,3,14,14.125675864563522,218.12286108181854
266,266,266,3450,BHR,2020-03-18,256,3,2,3,0,3,28,15.082178153173842,227.59216608546757
267,267,267,3451,BHR,2020-03-19,278,3,2,3,0,3,22,16.136177851425902,240.49590463059727
268,268,268,3452,BHR,2020-03-20,285,3,2,3,0,3,7,17.287192730777548,256.427459249038
269,269,269,3453,BHR,2020-03-21,305,3,2,3,0,3,20,18.53474056268664,275.45811369717615
270,270,270,3454,BHR,2020-03-22,334,3,2,4,0,3,29,19.878339118611006,295.64641959288554
271,271,271,3455,BHR,2020-03-23,377,3,2,4,0,3,43,21.317506170008517,319.16154407589494
272,272,272,3456,BHR,2020-03-24,392,3,2,4,0,3,15,22.85175948833702,344.8796529072946
273,273,273,3457,BHR,2020-03-25,419,3,2,4,0,3,27,24.48061684505436,373.6825075014059
274,274,274,3458,BHR,2020-03-26,458,3,3,4,0,3,39,26.20359601161837,401.976238747857
275,275,275,3459,BHR,2020-03-27,466,3,3,4,0,3,8,28.02021475948693,427.37052955963134
276,276,276,3460,BHR,2020-03-28,476,3,3,4,1,3,10,29.92999086011788,456.5036087908361
277,277,277,3461,BHR,2020-03-29,499,3,3,4,1,3,23,31.932442084969054,489.6213607979715
278,278,278,3462,BHR,2020-03-30,515,3,3,4,1,3,16,34.02708620549715,526.2162030654262
279,279,279,3463,BHR,2020-03-31,567,3,3,4,1,3,52,37.26907793366181,565.8292920282016
280,280,280,3464,BHR,2020-04-01,569,3,3,4,1,3,2,40.739356094394815,607.8413753953237
281,281,281,3465,BHR,2020-04-02,643,3,3,4,1,3,74,43.391533533369646,652.1644635471346
282,282,282,3466,BHR,2020-04-03,672,3,3,4,1,3,29,45.712269888896294,698.6129267699048
283,283,283,3467,BHR,2020-04-04,688,3,3,4,1,3,16,47.902197713079175,747.739112805099
284,284,284,3468,BHR,2020-04-05,700,3,3,4,1,3,12,50.62273943718905,800.5056362014152
285,285,285,3469,BHR,2020-04-06,756,3,3,4,1,3,56,53.61941448381938,855.0047035925413
286,286,286,3470,BHR,2020-04-07,811,3,3,4,1,3,55,55.342551293486025,910.7663612034387
287,287,287,3471,BHR,2020-04-08,823,3,3,4,1,3,12,56.317168112884254,967.606520152427
288,288,288,3472,BHR,2020-04-09,887,3,2,4,1,3,64,56.98272646176103,1026.7447084583202
289,289,289,3473,BHR,2020-04-10,925,3,2,4,1,3,38,57.378071527043645,1087.1909009812284
290,290,290,3474,BHR,2020-04-11,1040,3,2,4,1,3,115,58.497769848347644,1147.3411726542454
291,291,291,3475,BHR,2020-04-12,1136,3,2,4,1,3,96,58.187089449353216,1212.3348471331985
292,292,292,3476,BHR,2020-04-13,1361,3,2,4,1,3,225,64.65023112480512,1278.8471332413792
293,293,293,3477,BHR,2020-04-14,1528,3,2,4,1,3,167,66.4159435568868,1347.3307923120115
294,294,294,3478,BHR,2020-04-15,1671,3,2,4,1,3,143,68.48365907063258,1418.929851593495
295,295,295,3479,BHR,2020-04-16,1700,3,2,4,1,3,29,71.59905928148315,1492.1857108101008
296,296,296,3480,BHR,2020-04-17,1740,3,2,4,1,3,40,73.25585921660597,1567.785337766549
297,297,297,3481,BHR,2020-04-18,1773,3,2,4,1,3,33,75.59962695644855,1651.4797664422415
298,298,298,3482,BHR,2020-04-19,1881,3,2,4,1,3,108,83.69442867569245,1742.3007055388239
299,299,299,3483,BHR,2020-04-20,1907,3,2,4,1,3,26,90.82093909658265,1840.0287081339065
300,300,300,3484,BHR,2020-04-21,1973,3,2,4,1,3,66,97.72800259508207,1942.2523720703232
301,301,301,3485,BHR,2020-04-22,2027,3,2,4,1,3,54,102.2236639364168,2048.6220906657295
302,302,302,3486,BHR,2020-04-23,2217,3,2,4,1,3,190,106.36971859540621,2161.667504662968
303,303,303,3487,BHR,2020-04-24,2518,3,2,4,1,3,301,113.04541399723877,2283.030086773093
304,304,304,3488,BHR,2020-04-25,2588,3,2,4,1,3,70,121.36258211012468,2408.2544805773223
305,305,305,3489,BHR,2020-04-26,2647,3,2,4,1,3,59,125.22439380422882,2539.129024409934
306,306,306,3490,BHR,2020-04-27,2723,3,2,4,1,3,76,130.87454383261237,2683.5193414969463
307,307,307,3491,BHR,2020-04-28,2811,3,2,4,1,3,88,144.39031708701137,2836.174924985708
308,308,308,3492,BHR,2020-04-29,2921,3,2,4,1,3,110,152.65558348876283,2994.5138269401264
309,309,309,3493,BHR,2020-04-30,3040,3,2,4,1,3,119,158.33890195441828,3156.549022787984
310,310,310,3494,BHR,2020-05-01,3170,3,2,4,1,3,130,162.03519584785744,3323.591598410393
311,311,311,3495,BHR,2020-05-02,3284,3,2,4,1,3,114,167.0425756224092,3496.2129592083757
312,312,312,3496,BHR,2020-05-03,3383,3,2,4,1,3,99,172.62136079798282,3667.836185224103
313,313,313,3497,BHR,2020-05-04,3533,3,2,4,1,3,150,171.62322601572671,3842.659232827697
314,314,314,3498,BHR,2020-05-05,3720,3,2,4,1,3,187,174.82304760359455,4023.170140296672
315,315,315,3499,BHR,2020-05-06,3934,3,2,4,1,3,214,180.5109074689743,4208.217338415228
316,316,316,3500,BHR,2020-05-07,4199,3,2,4,1,3,265,185.04719811855648,4397.757359500291
317,317,317,3501,BHR,2020-05-08,4444,3,2,4,1,3,245,189.54002108506347,4592.141918741222
318,318,318,3502,BHR,2020-05-09,4774,3,2,4,1,3,330,194.3845592409306,4791.09512610477
319,319,319,3503,BHR,2020-05-10,4941,3,2,4,1,3,167,198.95320736354824,5001.399886464831
320,320,320,3504,BHR,2020-05-11,5236,3,2,4,1,3,295,210.30476036006075,5215.973643662131
321,321,321,3505,BHR,2020-05-12,5531,3,2,4,1,3,295,214.57375719730004,5447.859459897627
322,322,322,3506,BHR,2020-05-13,5816,3,2,4,1,3,285,231.88581623549592,5691.8198037464535
323,323,323,3507,BHR,2020-05-14,6198,3,2,4,1,3,382,243.9603438488277,5947.774065363509
324,324,324,3508,BHR,2020-05-15,6583,3,2,4,1,3,385,255.95426161705373,6209.5854350820955
325,325,325,3509,BHR,2020-05-16,6747,3,2,4,1,3,164,261.8113697185862,6481.766847781783
326,326,326,3510,BHR,2020-05-17,6956,3,2,4,1,3,209,272.1814126996904,6762.077933662888
327,327,327,3511,BHR,2020-05-18,7184,3,2,4,1,3,228,280.3110858811029,7045.9802935688085
328,328,328,3512,BHR,2020-05-19,7532,3,2,4,1,3,348,283.9023599059182,7338.398751114818
329,329,329,3513,BHR,2020-05-20,7888,3,2,4,1,3,356,292.41845754601195,7643.415213688807
330,330,330,3514,BHR,2020-05-21,8174,3,2,4,1,3,286,305.01646257398977,7958.4894980128565
331,331,331,3515,BHR,2020-05-22,8414,3,2,4,1,3,240,315.07428432405027,8286.549184980651
332,332,332,3516,BHR,2020-05-23,8802,3,2,4,1,3,388,328.05968696779325,8632.582921092877
333,333,333,3517,BHR,2020-05-24,9138,3,2,4,1,3,336,346.03373611222537,8989.783959127086
334,334,334,3518,BHR,2020-05-25,9171,3,2,4,1,3,33,357.2010380342102,9351.993431189356
335,335,335,3519,BHR,2020-05-26,9366,3,2,4,1,3,195,362.2094720622695,9719.450409536596
336,336,336,3520,BHR,2020-05-27,9692,3,2,4,1,3,326,367.45697834724206,10096.120184899492
337,337,337,3521,BHR,2020-05-28,10052,3,2,4,1,3,360,376.6697753628933,10481.95012569909
338,338,338,3522,BHR,2020-05-29,10449,3,2,4,1,3,397,385.8299407995973,10871.506933743842
339,339,339,3523,BHR,2020-05-30,10793,3,2,4,1,3,344,389.5568080447517,11271.783472548466
340,340,340,3524,BHR,2020-05-31,11398,3,2,4,1,3,605,400.2765388046247,11682.051009650066
341,341,341,3525,BHR,2020-06-01,11871,3,2,4,1,3,473,410.2675371015994,12098.481793852468
342,342,342,3526,BHR,2020-06-02,12311,3,2,4,1,3,440,416.430784202402,12522.120184899406
343,343,343,3527,BHR,2020-06-03,12815,3,2,4,1,3,504,423.63839104694,12950.054172410544
344,344,344,3528,BHR,2020-06-04,13296,3,2,4,1,3,481,427.933987511136,13388.72459654482
345,345,345,3529,BHR,2020-06-05,13835,3,2,4,1,3,539,438.6704241342804,13835.0503608786
346,346,346,3530,BHR,2020-06-06,14383,3,2,4,1,3,548,446.32576433377716,14291.438893844284
347,347,347,3531,BHR,2020-06-07,14763,3,2,4,1,3,380,456.38853296568016,14758.052144999883
348,348,348,3532,BHR,2020-06-08,15417,3,2,4,1,3,654,466.61325115560766,15231.453572296929
349,349,349,3533,BHR,2020-06-09,15731,3,2,4,1,3,314,473.40142729703973,15713.045089610998
350,350,350,3534,BHR,2020-06-10,16200,3,2,4,1,3,469,481.5915173140695,16199.783553644716
351,351,351,3535,BHR,2020-06-11,16667,3,2,4,1,3,467,486.7384640337191,16691.758657042643
352,352,352,3536,BHR,2020-06-12,17269,3,2,4,1,3,602,491.97510339792296,17193.733192765598
353,353,353,3537,BHR,2020-06-13,17713,3,2,4,1,3,444,501.974535722957,17707.656799934506
354,354,354,3538,BHR,2020-06-14,18227,3,2,4,1,3,514,513.9236071689058,18225.79482604753
355,355,355,3539,BHR,2020-06-15,19013,3,2,4,1,3,786,518.1380261130303,18746.58446192457
356,356,356,3540,BHR,2020-06-16,19553,3,2,4,1,3,540,520.7896358770396,19268.095207200688
357,357,357,3541,BHR,2020-06-17,19961,3,2,4,1,3,408,521.510745276115,19796.13697185885
358,358,358,3542,BHR,2020-06-18,20430,3,2,4,1,3,469,528.0417646581601,20329.380747708314
359,359,359,3543,BHR,2020-06-19,20916,3,2,4,1,3,486,533.2437758494664,20868.725326412376
360,360,360,3544,BHR,2020-06-20,21331,3,2,4,1,3,415,539.3445787040603,21408.12245559896
361,361,361,3545,BHR,2020-06-21,21764,3,2,4,1,3,433,539.3971291865838,21953.631660043025
362,362,362,3546,BHR,2020-06-22,22407,3,2,4,1,3,643,545.5092044440651,22500.69386099994
363,363,363,3547,BHR,2020-06-23,23062,3,2,4,1,3,655,547.0622009569187,23043.258454301358
364,364,364,3548,BHR,2020-06-24,23570,3,2,4,1,3,508,542.5645933014164,23584.74138350417
365,365,365,3549,BHR,2020-06-25,24081,3,2,4,1,3,511,541.4829292028032,24125.78801394774
366,366,366,3550,BHR,2020-06-26,24805,3,2,4,1,3,724,541.0466304435785,24663.469305002796
367,367,367,3551,BHR,2020-06-27,25267,3,2,4,1,3,462,537.6812910550457,25202.206714783
368,368,368,3552,BHR,2020-06-28,25705,3,2,4,1,3,438,538.73740978021,25736.77187575938
369,369,369,3553,BHR,2020-06-29,26239,3,2,4,1,3,534,534.5651609763823,26282.675452111645
370,370,370,3554,BHR,2020-06-30,26758,3,2,4,1,3,519,535.4703370854742,26819.024774757665
371,371,371,3555,BHR,2020-07-01,27414,3,2,4,1,3,656,536.0678114948621,27353.686273136384
372,372,372,3556,BHR,2020-07-02,27837,3,2,4,1,3,423,536.3262908761075,27886.31610804457
373,373,373,3557,BHR,2020-07-03,28410,3,2,4,1,3,573,536.2144819007531,28416.570440278105
374,374,374,3558,BHR,2020-07-04,28857,3,2,4,1,3,447,535.7010912403416,28944.105430632877
375,375,375,3559,BHR,2020-07-05,29367,3,2,4,1,3,510,534.7548255664159,29468.57723990473
376,376,376,3560,BHR,2020-07-06,29821,3,2,4,1,3,454,533.3443915505187,29989.64202888957
377,377,377,3561,BHR,2020-07-07,30321,3,2,4,0,3,500,531.438495864193,30506.955958383278
378,378,378,3562,BHR,2020-07-08,30931,3,2,4,0,3,610,529.0058451789815,31020.175189181693
379,379,379,3563,BHR,2020-07-09,31528,3,2,4,0,3,597,526.0151461664268,31528.955882080732
380,380,380,3564,BHR,2020-07-10,32039,3,2,4,0,3,511,522.4351054980723,32032.954197876235
381,381,381,3565,BHR,2020-07-11,32470,3,2,4,0,3,431,518.2344298454602,32531.826297364103
382,382,382,3566,BHR,2020-07-12,32941,3,2,4,0,3,471,513.3818258801336,33025.228341340204
383,383,383,3567,BHR,2020-07-13,33476,3,2,4,0,3,535,507.8460002736354,33512.81649060042
384,384,384,3568,BHR,2020-07-14,34078,3,2,4,0,3,602,501.595659697508,33994.246905940614
385,385,385,3569,BHR,2020-07-15,34560,3,2,4,0,3,482,494.5995108232946,34469.17574815667
386,386,386,3570,BHR,2020-07-16,35084,3,2,4,0,3,524,486.82626032253785,34937.259178044456
387,387,387,3571,BHR,2020-07-17,35473,3,2,4,0,3,389,478.2446148667807,35398.15335639986
388,388,388,3572,BHR,2020-07-18,36004,3,2,4,0,3,531,468.82328112756585,35851.51444401875
389,389,389,3573,BHR,2020-07-19,36422,3,2,4,0,3,418,458.530965776436,36296.99860169701
390,390,390,3574,BHR,2020-07-20,36936,3,2,4,0,3,514,447.336375484934,36734.261990230516
391,391,391,3575,BHR,2020-07-21,37316,3,2,4,0,3,380,435.2082169246029,37162.960770415135
392,392,392,3576,BHR,2020-07-22,37637,3,2,4,0,3,321,422.11519676698526,37582.751103046736
393,393,393,3577,BHR,2020-07-23,37996,3,2,4,0,3,359,408.026021683624,37993.28914892121
394,394,394,3578,BHR,2020-07-24,38458,3,2,4,0,3,462,392.9093983460618,38394.23106883444
395,395,395,3579,BHR,2020-07-25,38747,3,2,4,0,3,289,376.7340334258415,38785.233023582274
396,396,396,3580,BHR,2020-07-26,39131,3,2,4,0,3,384,359.46863359450623,39165.95117396061
397,397,397,3581,BHR,2020-07-27,39131,3,2,4,0,3,0,341.08190552359827,39536.041680765324
398,398,398,27263,OMN,2020-01-11,0,0,0,0,0,0,0,0.0,0.0
399,399,399,27264,OMN,2020-01-12,0,0,0,0,0,0,0,0.0,0.0
400,400,400,27265,OMN,2020-01-13,0,0,0,0,0,0,0,0.0,0.0
401,401,401,27266,OMN,2020-01-14,0,0,0,0,0,0,0,0.0,0.0
402,402,402,27267,OMN,2020-01-15,0,0,0,0,0,0,0,0.0,0.003491511012505777
403,403,403,27268,OMN,2020-01-16,0,0,0,0,0,0,0,0.0,0.2592026722728993
404,404,404,27269,OMN,2020-01-17,0,0,0,0,0,0,0,0.0,0.4668229589020758
405,405,405,27270,OMN,2020-01-18,0,0,0,0,0,0,0,0.0,0.6293802296447717
406,406,406,27271,OMN,2020-01-19,0,0,0,0,0,0,0,0.0,0.7499023432457255
407,407,407,27272,OMN,2020-01-20,0,0,0,0,0,0,0,0.0,0.8314171584496732
408,408,408,27273,OMN,2020-01-21,0,0,0,0,0,0,0,0.0,0.8769525340013521
409,409,409,27274,OMN,2020-01-22,0,0,0,0,0,0,0,0.0,0.8895363286454991
410,410,410,27275,OMN,2020-01-23,0,0,0,0,0,0,0,0.0,0.8721964011268517
411,411,411,27276,OMN,2020-01-24,0,0,0,0,0,0,0,0.0,0.8279606101901476
412,412,412,27277,OMN,2020-01-25,0,0,0,0,0,0,0,0.0,0.7598568145801232
413,413,413,27278,OMN,2020-01-26,0,0,0,0,0,0,0,0.0,0.6709128730415161
414,414,414,27279,OMN,2020-01-27,0,0,0,0,0,0,0,0.0,0.5641566443190624
415,415,415,27280,OMN,2020-01-28,0,0,0,0,0,0,0,0.0,0.4426159871575008
416,416,416,27281,OMN,2020-01-29,0,0,0,0,0,0,0,0.0,0.3093187603015681
417,417,417,27282,OMN,2020-01-30,0,0,0,0,0,0,0,0.0,0.16729282249599994
418,418,418,27283,OMN,2020-01-31,0,0,0,0,0,0,0,0.0,0.01956603248553424
419,419,419,27284,OMN,2020-02-01,0,0,0,0,0,0,0,0.0,0.0
420,420,420,27285,OMN,2020-02-02,0,0,0,0,0,0,0,0.0,0.0
421,421,421,27286,OMN,2020-02-03,0,0,0,0,0,3,0,0.0,0.0
422,422,422,27287,OMN,2020-02-04,0,0,0,0,0,3,0,0.0,0.0
423,423,423,27288,OMN,2020-02-05,0,0,0,0,0,3,0,0.0,0.0
424,424,424,27289,OMN,2020-02-06,0,0,0,0,0,3,0,0.0,0.0
425,425,425,27290,OMN,2020-02-07,0,0,0,0,0,3,0,0.0,0.0
426,426,426,27291,OMN,2020-02-08,0,0,0,0,0,3,0,0.0,0.0
427,427,427,27292,OMN,2020-02-09,0,0,0,0,0,3,0,0.0,0.0
428,428,428,27293,OMN,2020-02-10,0,0,0,0,0,3,0,0.0,0.0
429,429,429,27294,OMN,2020-02-11,0,0,0,0,0,3,0,0.0,0.0
430,430,430,27295,OMN,2020-02-12,0,0,0,0,0,3,0,0.0,0.0
431,431,431,27296,OMN,2020-02-13,0,0,0,0,0,3,0,0.0,0.0
432,432,432,27297,OMN,2020-02-14,0,0,0,0,0,3,0,0.0,0.0
433,433,433,27298,OMN,2020-02-15,0,0,0,0,0,3,0,0.0,0.0819073878841891
434,434,434,27299,OMN,2020-02-16,0,0,0,0,0,3,0,0.0,0.3442543183845448
435,435,435,27300,OMN,2020-02-17,0,0,0,0,0,3,0,0.0,0.6669369880788003
436,436,436,27301,OMN,2020-02-18,0,0,0,0,0,3,0,0.0,0.9982158786797134
437,437,437,27302,OMN,2020-02-19,0,0,0,0,0,3,0,0.0,1.030330062444207
438,438,438,27303,OMN,2020-02-20,0,0,0,0,0,3,0,0.0,0.9708052874867846
439,439,439,27304,OMN,2020-02-21,0,0,0,0,0,3,0,0.0,1.0702295028788822
440,440,440,27305,OMN,2020-02-22,0,0,0,0,0,3,0,0.0,1.2244749006568334
441,441,441,27306,OMN,2020-02-23,0,0,0,0,0,3,0,0.0,1.467683075176328
442,442,442,27307,OMN,2020-02-24,2,0,0,0,0,3,2,0.0,1.6121158056929061
443,443,443,27308,OMN,2020-02-25,2,0,0,0,0,3,0,0.0,1.5293163571485906
444,444,444,27309,OMN,2020-02-26,4,0,0,0,0,3,2,0.0,1.3611223745032281
445,445,445,27310,OMN,2020-02-27,4,0,0,0,0,3,0,0.0,1.2812423972102287
446,446,446,27311,OMN,2020-02-28,4,0,0,0,0,3,0,0.0,1.0291947125131315
447,447,447,27312,OMN,2020-02-29,6,0,0,0,0,3,2,0.0,0.7095126104938413
448,448,448,27313,OMN,2020-03-01,6,0,0,0,0,3,0,0.0,0.5391290244099903
449,449,449,27314,OMN,2020-03-02,6,0,0,0,0,3,0,0.0,0.6325521044521528
450,450,450,27315,OMN,2020-03-03,12,0,0,0,0,3,6,0.0,0.9921336469061146
451,451,451,27316,OMN,2020-03-04,15,0,0,0,0,3,3,0.0,1.5263968858972596
452,452,452,27317,OMN,2020-03-05,16,0,0,0,0,3,1,0.0,2.212229340685974
453,453,453,27318,OMN,2020-03-06,16,0,0,0,0,3,0,0.0,3.1092368826533416
454,454,454,27319,OMN,2020-03-07,16,0,0,0,0,3,0,0.0,4.177276782093735
455,455,455,27320,OMN,2020-03-08,16,0,0,0,0,3,0,0.0,5.583326575297804
456,456,456,27321,OMN,2020-03-09,16,0,0,0,0,3,0,0.0,7.087097558997365
457,457,457,27322,OMN,2020-03-10,18,0,0,0,0,3,2,0.0,8.618846808855396
458,458,458,27323,OMN,2020-03-11,18,0,0,0,0,3,0,17.682672490694767,10.110615521855102
459,459,459,27324,OMN,2020-03-12,18,0,0,0,0,3,0,13.045481910503785,11.957181088313547
460,460,460,27325,OMN,2020-03-13,19,0,0,0,0,3,1,9.032365462830752,14.525018246694763
461,461,461,27326,OMN,2020-03-14,19,0,0,0,0,3,0,5.619955725880119,17.017435731083616
462,462,462,27327,OMN,2020-03-15,22,3,0,0,0,3,3,2.784885277856331,19.849241748438143
463,463,463,27328,OMN,2020-03-16,22,3,0,0,0,3,0,0.5037866969638465,21.361852242315315
464,464,464,27329,OMN,2020-03-17,24,3,0,4,0,3,2,-1.2467074385928891,23.040629308246636
465,465,465,27330,OMN,2020-03-18,39,3,0,4,0,4,15,-2.489964550609425,24.886302814044928
466,466,466,27331,OMN,2020-03-19,48,3,0,4,2,4,9,-3.2493520608813067,26.91063174113919
467,467,467,27332,OMN,2020-03-20,48,3,0,4,2,4,0,-3.548237391204093,30.873246289837443
468,468,468,27333,OMN,2020-03-21,52,3,1,4,2,4,4,-3.409987963373318,35.362663206551254
469,469,469,27334,OMN,2020-03-22,55,3,1,4,2,4,3,-2.85797119918454,41.30273294947537
470,470,470,27335,OMN,2020-03-23,66,3,1,4,2,4,11,-1.9155545204333075,47.48868704889936
471,471,471,27336,OMN,2020-03-24,84,3,1,4,2,4,18,-0.6061053489151718,55.522828643254776
472,472,472,27337,OMN,2020-03-25,99,3,1,4,2,4,15,1.0470088935743114,65.37304354877709
473,473,473,27338,OMN,2020-03-26,109,3,1,4,2,4,10,3.0204207852396117,77.42162030654163
474,474,474,27339,OMN,2020-03-27,131,3,1,4,2,4,22,5.29076290428517,92.4886059524741
475,475,475,27340,OMN,2020-03-28,152,3,1,4,2,4,21,7.8346678289154195,109.63887762549273
476,476,476,27341,OMN,2020-03-29,167,3,1,4,2,4,15,10.628768137334838,129.68299407995633
477,477,477,27342,OMN,2020-03-30,179,3,1,4,2,4,12,13.649696407747884,153.69118481874398
478,478,478,27343,OMN,2020-03-31,192,3,2,4,2,4,13,16.874085218358957,180.8211823858503
479,479,479,27344,OMN,2020-04-01,210,3,2,4,2,4,18,20.278567147372534,209.8103965615041
480,480,480,27345,OMN,2020-04-02,231,3,2,4,2,4,21,23.839774772993106,242.556483659062
481,481,481,27346,OMN,2020-04-03,252,3,2,4,2,4,21,27.53434067342509,278.37742275564653
482,482,482,27347,OMN,2020-04-04,277,3,2,4,2,4,25,31.33889742687291,318.8298597031757
483,483,483,27348,OMN,2020-04-05,298,3,2,4,2,4,21,35.230077611541034,362.4998783553517
484,484,484,27349,OMN,2020-04-06,331,3,2,4,2,4,33,39.18451380563396,409.7518449436233
485,485,485,27350,OMN,2020-04-07,371,3,2,4,2,4,40,43.17883858735607,459.7811207525586
486,486,486,27351,OMN,2020-04-08,419,3,2,4,2,4,48,47.189684534910356,510.9711296731634
487,487,487,27352,OMN,2020-04-09,457,3,2,4,2,4,38,49.9643986700169,566.3040304922353
488,488,488,27353,OMN,2020-04-10,484,3,2,4,2,4,27,51.072094720621045,623.1727353823475
489,489,489,27354,OMN,2020-04-11,546,3,2,4,2,4,62,55.21709512610301,682.8275890033009
490,490,490,27355,OMN,2020-04-12,599,3,2,4,2,4,53,56.87713891817173,743.7250020273842
491,491,491,27356,OMN,2020-04-13,727,3,2,4,2,4,128,59.699456653959466,806.2359094963629
492,492,492,27357,OMN,2020-04-14,813,3,2,4,2,4,86,60.958073148972,871.1426486091658
493,493,493,27358,OMN,2020-04-15,910,3,2,4,2,4,97,62.534344335412605,934.9739680479761
494,494,494,27359,OMN,2020-04-16,1019,3,2,4,2,4,109,64.9450977211882,998.2638066660907
495,495,495,27360,OMN,2020-04-17,1069,3,2,4,2,4,50,63.88873570675308,1062.615197469754
496,496,496,27361,OMN,2020-04-18,1180,3,2,4,2,4,111,62.96869678046976,1125.4915254236894
497,497,497,27362,OMN,2020-04-19,1266,3,2,4,2,4,86,64.13462006325295,1194.0163814775349
498,498,498,27363,OMN,2020-04-20,1410,3,2,4,2,4,144,62.876327953935004,1267.2054983374785
499,499,499,27364,OMN,2020-04-21,1508,3,2,4,2,4,98,68.52485605384561,1342.9465574567687
500,500,500,27365,OMN,2020-04-22,1614,3,2,4,2,4,106,73.18911685994391,1420.0051901710635
501,501,501,27366,OMN,2020-04-23,1716,3,2,4,2,4,102,75.74105911929017,1500.2153921011554
502,502,502,27367,OMN,2020-04-24,1790,3,2,4,2,4,74,77.05863271429459,1581.6610980455207
503,503,503,27368,OMN,2020-04-25,1905,3,2,4,2,4,115,80.21020193009205,1664.6693698807294
504,504,504,27369,OMN,2020-04-26,1998,3,2,4,2,4,93,81.44570594436497,1749.093341983557
505,505,505,27370,OMN,2020-04-27,2049,3,2,4,2,4,51,83.00827183520911,1848.3495255858566
506,506,506,27371,OMN,2020-04-28,2131,3,2,4,2,4,82,84.4239721028273,1952.806179547413
507,507,507,27372,OMN,2020-04-29,2274,3,2,4,2,4,143,90.87438163976648,2065.108425918344
508,508,508,27373,OMN,2020-04-30,2348,3,2,4,2,4,74,99.86700186521423,2176.13510664172
509,509,509,27374,OMN,2020-05-01,2447,3,2,4,2,4,99,99.61690049468466,2283.353337117753
510,510,510,27375,OMN,2020-05-02,2483,3,2,4,2,4,36,96.86529884031769,2394.063579596055
511,511,511,27376,OMN,2020-05-03,2568,3,2,4,2,4,85,101.48301029924221,2499.716243613568
512,512,512,27377,OMN,2020-05-04,2637,3,2,4,2,4,69,97.43289270942805,2608.680723380007
513,513,513,27378,OMN,2020-05-05,2735,3,2,4,2,4,98,101.95928959532522,2728.155705133307
514,514,514,27379,OMN,2020-05-06,2903,3,2,4,2,4,168,113.24012651041686,2855.2331522178856
515,515,515,27380,OMN,2020-05-07,2958,3,2,4,2,4,55,121.6956451220458,2990.616089530346
516,516,516,27381,OMN,2020-05-08,3112,3,2,4,2,4,154,130.7866353093782,3135.8030167868487
517,517,517,27382,OMN,2020-05-09,3224,3,2,4,2,4,112,141.84810639850278,3287.9867001864063
518,518,518,27383,OMN,2020-05-10,3399,3,2,4,2,4,175,150.17111345389137,3451.6179547480738
519,519,519,27384,OMN,2020-05-11,3573,3,2,4,2,4,174,161.67082961640818,3634.388938447686
520,520,520,27385,OMN,2020-05-12,3721,3,2,4,2,4,148,181.9540183277853,3836.149541805072
521,521,521,27386,OMN,2020-05-13,4019,3,2,4,2,4,298,199.70862054982675,4057.2972183925262
522,522,522,27387,OMN,2020-05-14,4341,3,2,4,2,4,322,220.85208012325882,4289.6943475791195
523,523,523,27388,OMN,2020-05-15,4625,3,2,4,2,4,284,232.5165842186277,4534.772930013625
524,524,524,27389,OMN,2020-05-16,5029,3,2,4,2,4,404,245.517800664982,4795.927580893514
525,525,525,27390,OMN,2020-05-17,5186,3,2,4,2,4,157,263.87876084663736,5066.7974211335495
526,526,526,27391,OMN,2020-05-18,5379,3,2,4,2,4,193,272.69848349686816,5358.745681615252
527,527,527,27392,OMN,2020-05-19,5671,3,2,4,2,4,292,295.05036087907484,5682.061471088925
528,528,528,27393,OMN,2020-05-20,6043,3,2,4,2,4,372,325.4101857107986,6034.098288865248
529,529,529,27394,OMN,2020-05-21,6370,3,2,4,2,4,327,355.81769523962737,6417.0078663528675
530,530,530,27395,OMN,2020-05-22,6794,3,2,4,2,4,424,387.0234368664206,6827.771794663613
531,531,531,27396,OMN,2020-05-23,7257,3,2,4,2,4,463,415.5010948017047,7264.726786148475
532,532,532,27397,OMN,2020-05-24,7770,3,2,4,2,4,513,443.0064066174526,7728.974049144162
533,533,533,27398,OMN,2020-05-25,7770,3,2,4,2,4,0,469.74949314733567,8203.265996269276
534,534,534,27399,OMN,2020-05-26,8118,3,2,4,2,4,348,480.84543021651047,8696.442218797845
535,535,535,27400,OMN,2020-05-27,8373,3,2,4,2,4,255,501.44173221959153,9215.038196415213
536,536,536,27401,OMN,2020-05-28,9009,3,2,4,2,4,636,526.6636931311143,9755.974211336936
537,537,537,27402,OMN,2020-05-29,9820,3,2,4,2,4,811,547.7880950449893,10324.58876003532
538,538,538,27403,OMN,2020-05-30,10423,3,2,4,2,4,603,577.6778850052508,10926.840888816421
539,539,539,27404,OMN,2020-05-31,11437,3,2,4,2,4,1014,611.1351066417758,11553.335252614954
540,540,540,27405,OMN,2020-06-01,12223,3,2,4,2,4,786,637.5916795069114,12212.305733516723
541,541,541,27406,OMN,2020-06-02,12799,3,2,4,2,4,576,669.3522017678787,12899.565079879523
542,542,542,27407,OMN,2020-06-03,13537,3,2,4,2,4,738,698.5512123915091,13612.116373367457
543,543,543,27408,OMN,2020-06-04,14316,3,2,4,2,4,779,723.5242072824335,14345.671802772993
544,544,544,27409,OMN,2020-06-05,15086,3,2,4,2,4,770,742.8824101856848,15097.310761494886
545,545,545,27410,OMN,2020-06-06,16016,3,2,4,2,4,930,764.2227718757335,15874.580569296335
546,546,546,27411,OMN,2020-06-07,16882,3,2,4,2,4,866,787.5377503851802,16678.145892465553
547,547,547,27412,OMN,2020-06-08,17486,3,2,4,2,4,604,815.0826372556685,17496.640012974814
548,548,548,27413,OMN,2020-06-09,18198,3,2,4,2,4,712,828.4224312707518,18337.954667098536
549,549,549,27414,OMN,2020-06-10,18887,3,2,4,2,4,689,851.1716811288326,19201.866353093148
550,550,550,27415,OMN,2020-06-11,19954,3,2,4,2,4,1067,874.3915335333403,20084.000567674266
551,551,551,27416,OMN,2020-06-12,21071,3,2,4,2,4,1117,888.2804314329428,20976.76741545624
552,552,552,27417,OMN,2020-06-13,22077,3,2,4,2,4,1006,897.4549509366319,21900.717622252094
553,553,553,27418,OMN,2020-06-14,23481,3,2,4,2,4,1404,928.7969345551537,22851.833671234293
554,554,554,27419,OMN,2020-06-15,24524,3,2,4,2,4,1043,951.7151082636923,23802.33857756789
555,555,555,27420,OMN,2020-06-16,25269,3,2,4,2,4,745,956.7719568566694,24774.065931391557
556,556,556,27421,OMN,2020-06-17,26079,3,2,4,2,4,810,976.6542859459556,25761.39672370358
557,557,557,27422,OMN,2020-06-18,26818,3,2,4,2,4,739,988.9112805124948,26775.202659961757
558,558,558,27423,OMN,2020-06-19,27670,3,2,4,2,4,852,1012.080447652223,27805.84356499781
559,559,559,27424,OMN,2020-06-20,28566,3,2,4,2,4,896,1028.7678209390606,28863.13940475124
560,560,560,27425,OMN,2020-06-21,29471,3,2,4,2,4,905,1051.3535804070673,29950.416673423653
561,561,561,27426,OMN,2020-06-22,31076,3,2,4,2,4,1605,1078.4137539534129,31052.946476359302
562,562,562,27427,OMN,2020-06-23,32394,3,2,4,2,4,1318,1090.1738707322625,32162.647230556002
563,563,563,27428,OMN,2020-06-24,33536,3,2,4,2,4,1142,1109.7007541967012,33282.14126996883
564,564,564,27429,OMN,2020-06-25,34902,3,2,4,2,4,1366,1119.4940394128228,34421.26502311127
565,565,565,27430,OMN,2020-06-26,36034,3,2,4,2,4,1132,1139.1237531424465,35585.682588596595
566,566,566,27431,OMN,2020-06-27,36953,3,2,4,2,4,919,1164.4175654853211,36780.022058225935
567,567,567,27432,OMN,2020-06-28,38150,3,2,4,2,4,1197,1194.3394696293476,37994.51763847081
568,568,568,27433,OMN,2020-06-29,39060,3,2,4,2,4,910,1214.4955802448685,39266.04703592433
569,569,569,27434,OMN,2020-06-30,40070,3,2,4,2,4,1010,1238.7468495237868,40504.272827944136
570,570,570,27435,OMN,2020-07-01,41194,3,2,4,2,4,1124,1262.387391778774,41757.26673394961
571,571,571,27436,OMN,2020-07-02,42555,3,2,4,2,4,1361,1285.2789000111266,43024.57294791978
572,572,572,27437,OMN,2020-07-03,43929,3,2,4,2,4,1374,1307.2830672220978,44305.735663832354
573,573,573,27438,OMN,2020-07-04,45106,3,2,4,2,4,1177,1328.2615864129427,45600.299075665
574,574,574,27439,OMN,2020-07-05,46178,3,2,4,2,4,1072,1348.0761505849155,46907.80737739535
575,575,575,27440,OMN,2020-07-06,47735,3,2,4,2,4,1557,1366.5884527392705,48227.804763001135
576,576,576,27441,OMN,2020-07-07,48997,3,2,4,2,4,1262,1383.6601858772622,49559.835426459984
577,577,577,27442,OMN,2020-07-08,50207,3,2,4,2,4,1210,1399.1530430001444,50903.44356174958
578,578,578,27443,OMN,2020-07-09,51725,3,2,4,2,4,1518,1412.9287171091723,52258.173362847614
579,579,579,27444,OMN,2020-07-10,53614,3,2,4,2,4,1889,1424.8489012056002,53623.56902373176
580,580,580,27445,OMN,2020-07-11,54697,3,2,4,2,4,1083,1434.775288290682,54999.174738379676
581,581,581,27446,OMN,2020-07-12,56015,3,2,4,2,4,1318,1442.569571365672,56384.534700769036
582,582,582,27447,OMN,2020-07-13,58179,3,2,4,2,4,2164,1448.0934434318247,57779.19310487754
583,583,583,27448,OMN,2020-07-14,59568,3,2,4,2,4,1389,1451.208597490394,59182.69414468282
584,584,584,27449,OMN,2020-07-15,61247,3,2,4,2,4,1679,1451.7767265426353,60594.582014162595
585,585,585,27450,OMN,2020-07-16,62574,3,2,4,2,4,1327,1449.659523589802,62014.40090729452
586,586,586,27451,OMN,2020-07-17,64193,3,2,4,2,4,1619,1444.7186816331491,63441.695018056256
587,587,587,27452,OMN,2020-07-18,65504,3,2,4,2,4,1311,1436.8158936739303,64876.00854042548
588,588,588,27453,OMN,2020-07-19,66661,3,2,4,2,4,1157,1425.8128527134008,66316.88566837987
589,589,589,27454,OMN,2020-07-20,68400,3,2,4,2,4,1739,1411.5712517528145,67763.87059589711
590,590,590,27455,OMN,2020-07-21,69887,3,2,4,2,4,1487,1393.9527837934256,69216.50751695488
591,591,591,27456,OMN,2020-07-22,71547,3,2,4,2,4,1660,1372.8191418364886,70674.34062553082
592,592,592,27457,OMN,2020-07-23,72646,3,2,4,2,4,1099,1348.0320188832575,72136.91411560263
593,593,593,27458,OMN,2020-07-24,73791,3,2,4,2,4,1145,1319.4531079349872,73603.77218114799
594,594,594,27459,OMN,2020-07-25,74858,3,3,4,2,4,1067,1286.9441019929316,75074.45901614455
595,595,595,27460,OMN,2020-07-26,76005,3,3,4,2,4,1147,1250.366694058346,76548.51881457
596,596,596,27461,OMN,2020-07-27,76005,3,3,4,2,4,0,1209.582577132484,78025.49577040199
597,597,597,29452,QAT,2020-01-11,0,0,0,0,0,0,0,0.0,0.0
598,598,598,29453,QAT,2020-01-12,0,0,0,0,0,0,0,0.0,0.0
599,599,599,29454,QAT,2020-01-13,0,0,0,0,0,0,0,0.0,0.0
600,600,600,29455,QAT,2020-01-14,0,0,0,0,0,0,0,0.0,0.0
601,601,601,29456,QAT,2020-01-15,0,0,0,0,0,0,0,0.0,0.0
602,602,602,29457,QAT,2020-01-16,0,0,0,0,0,0,0,0.0,0.1387519045859864
603,603,603,29458,QAT,2020-01-17,0,0,0,0,0,0,0,0.0,0.2782449292800324
604,604,604,29459,QAT,2020-01-18,0,0,0,0,0,0,0,0.0,0.3898369816884739
605,605,605,29460,QAT,2020-01-19,0,0,0,0,0,0,0,0.0,0.4752749492052504
606,606,606,29461,QAT,2020-01-20,0,0,0,0,0,0,0,0.0,0.5363057192243006
607,607,607,29462,QAT,2020-01-21,0,0,0,0,0,0,0,0.0,0.5746761791395634
608,608,608,29463,QAT,2020-01-22,0,0,0,0,0,0,0,0.0,0.5921332163449777
609,609,609,29464,QAT,2020-01-23,0,0,0,0,0,0,0,0.0,0.5904237182344834
610,610,610,29465,QAT,2020-01-24,0,0,0,0,0,1,0,0.0,0.5712945722020182
611,611,611,29466,QAT,2020-01-25,0,0,0,0,0,1,0,0.0,0.5364926656415214
612,612,612,29467,QAT,2020-01-26,0,0,0,0,0,1,0,0.0,0.4877648859469321
613,613,613,29468,QAT,2020-01-27,0,0,0,0,0,1,0,0.0,0.4268581205121902
614,614,614,29469,QAT,2020-01-28,0,0,0,0,0,1,0,0.0,0.3555192567312337
615,615,615,29470,QAT,2020-01-29,0,0,0,0,0,1,0,0.0,0.2754951819980012
616,616,616,29471,QAT,2020-01-30,0,0,0,0,0,1,0,0.0,0.1885327837064321
617,617,617,29472,QAT,2020-01-31,0,0,0,0,0,1,0,0.0,0.09637894925046607
618,618,618,29473,QAT,2020-02-01,0,0,0,0,0,1,0,0.0,0.000780566024041196
619,619,619,29474,QAT,2020-02-02,0,0,0,0,0,1,0,0.0,0.0
620,620,620,29475,QAT,2020-02-03,0,0,0,0,0,3,0,0.0,0.0
621,621,621,29476,QAT,2020-02-04,0,0,0,0,0,3,0,0.0,0.0
622,622,622,29477,QAT,2020-02-05,0,0,0,0,0,3,0,0.0,0.0
623,623,623,29478,QAT,2020-02-06,0,0,0,0,0,3,0,0.0,0.0
624,624,624,29479,QAT,2020-02-07,0,0,0,0,0,3,0,0.0,0.0
625,625,625,29480,QAT,2020-02-08,0,0,0,0,0,3,0,0.0,0.0
626,626,626,29481,QAT,2020-02-09,0,0,0,0,0,3,0,0.0,0.0
627,627,627,29482,QAT,2020-02-10,0,0,0,0,0,3,0,0.0,0.0
628,628,628,29483,QAT,2020-02-11,0,0,0,0,0,3,0,0.0,0.0
629,629,629,29484,QAT,2020-02-12,0,0,0,0,0,3,0,0.0,0.0
630,630,630,29485,QAT,2020-02-13,0,0,0,0,0,3,0,0.0,0.0
631,631,631,29486,QAT,2020-02-14,0,0,0,0,0,3,0,0.0,0.0
632,632,632,29487,QAT,2020-02-15,0,0,0,0,0,3,0,0.0,0.0
633,633,633,29488,QAT,2020-02-16,0,0,0,0,0,3,0,0.0,0.0
634,634,634,29489,QAT,2020-02-17,0,0,0,0,0,3,0,0.0,0.0
635,635,635,29490,QAT,2020-02-18,0,0,0,0,0,3,0,0.0,0.0
636,636,636,29491,QAT,2020-02-19,0,0,0,0,0,3,0,0.0,0.0
637,637,637,29492,QAT,2020-02-20,0,0,0,0,0,3,0,0.0,0.0
638,638,638,29493,QAT,2020-02-21,0,0,0,0,0,3,0,0.0,0.0
639,639,639,29494,QAT,2020-02-22,0,0,0,0,0,3,0,0.0,0.0
640,640,640,29495,QAT,2020-02-23,0,0,0,0,0,3,0,0.0,0.0
641,641,641,29496,QAT,2020-02-24,0,0,0,0,0,3,0,0.0,0.0
642,642,642,29497,QAT,2020-02-25,0,0,0,0,0,3,0,0.0,0.0
643,643,643,29498,QAT,2020-02-26,0,0,0,0,0,3,0,0.0,0.0
644,644,644,29499,QAT,2020-02-27,0,0,0,0,0,3,0,0.0,8.48382126348192
645,645,645,29500,QAT,2020-02-28,0,0,0,0,0,3,0,0.0,18.591274024814798
646,646,646,29501,QAT,2020-02-29,1,0,0,0,0,3,1,0.0,29.390317087015386
647,647,647,29502,QAT,2020-03-01,3,0,0,0,0,3,2,0.0,40.52931635714718
648,648,648,29503,QAT,2020-03-02,3,0,0,0,0,3,0,0.0,51.747546833182795
649,649,649,29504,QAT,2020-03-03,7,0,0,0,0,3,4,0.0,62.506852647795974
650,650,650,29505,QAT,2020-03-04,8,0,0,0,0,3,1,0.0,73.9062525342606
651,651,651,29506,QAT,2020-03-05,8,0,0,0,0,3,0,0.0,84.6147919876703
652,652,652,29507,QAT,2020-03-06,8,0,0,0,0,3,0,0.0,94.71648690292419
653,653,653,29508,QAT,2020-03-07,8,0,0,0,0,3,0,54.307155967065256,101.63279539371948
654,654,654,29509,QAT,2020-03-08,15,0,0,0,0,3,7,46.28644741602669,105.60595247749191
655,655,655,29510,QAT,2020-03-09,18,0,0,0,0,3,3,38.99776512105386,108.89384478144122
656,656,656,29511,QAT,2020-03-10,24,3,0,0,0,3,6,32.447140460352024,112.32552104451786
657,657,657,29512,QAT,2020-03-11,262,3,0,0,0,3,238,26.640604812126412,118.34157813639987
658,658,658,29513,QAT,2020-03-12,262,3,0,0,0,3,0,21.584189554582267,126.97769848349225
659,659,659,29514,QAT,2020-03-13,320,3,0,0,0,3,58,17.28392606592481,139.33841537587676
660,660,660,29515,QAT,2020-03-14,337,3,0,0,0,3,17,13.7458457243593,153.71810883139494
661,661,661,29516,QAT,2020-03-15,401,3,0,0,2,3,64,10.97597990809097,169.82977860675726
662,662,662,29517,QAT,2020-03-16,439,3,0,0,2,3,38,8.980359995325044,188.32641310517516
663,663,663,29518,QAT,2020-03-17,439,3,2,0,2,3,0,7.765017364266776,211.17354634659839
664,664,664,29519,QAT,2020-03-18,452,3,2,0,2,4,13,7.335983393121403,236.65444813882846
665,665,665,29520,QAT,2020-03-19,460,3,2,0,2,4,8,7.699289460094143,262.85005271266573
666,666,666,29521,QAT,2020-03-20,470,3,2,0,2,4,10,8.86096694339026,286.86051415131544
667,667,667,29522,QAT,2020-03-21,481,3,2,0,2,4,11,10.827047221214995,315.6965371826988
668,668,668,29523,QAT,2020-03-22,494,3,2,4,2,4,13,13.603561671773555,347.8524856053722
669,669,669,29524,QAT,2020-03-23,501,3,2,4,2,4,7,17.196541673271188,381.41975508878687
670,670,670,29525,QAT,2020-03-24,526,3,2,4,2,4,25,21.61201860391316,419.2239072256762
671,671,671,29526,QAT,2020-03-25,537,3,2,4,2,4,11,26.856023841904666,460.4320817451783
672,672,672,29527,QAT,2020-03-26,549,3,2,4,2,4,12,32.93458876545097,506.33525261534135
673,673,673,29528,QAT,2020-03-27,562,3,2,4,2,4,13,39.85374475275731,555.2301516502921
674,674,674,29529,QAT,2020-03-28,590,3,2,4,2,4,28,47.61952318202891,607.5176384721215
675,675,675,29530,QAT,2020-03-29,634,3,2,4,2,4,44,56.23795543147102,663.2469386099831
676,676,676,29531,QAT,2020-03-30,693,3,2,4,2,4,59,65.71507287928887,724.402968129079
677,677,677,29532,QAT,2020-03-31,781,3,2,4,2,4,88,76.05690690368772,800.2820533614179
678,678,678,29533,QAT,2020-04-01,835,3,2,4,2,4,54,87.26948888287279,893.0143540669533
679,679,679,29534,QAT,2020-04-02,949,3,2,4,2,4,114,99.35885019504929,998.6025464276663
680,680,680,29535,QAT,2020-04-03,1075,3,2,4,2,4,126,112.3310222184225,1122.5605384802122
681,681,681,29536,QAT,2020-04-04,1325,3,2,4,2,4,250,126.19203633119331,1263.635390479234
682,682,682,29537,QAT,2020-04-05,1604,3,2,4,2,4,279,143.4138350498692,1425.3396318221853
683,683,683,29538,QAT,2020-04-06,1832,3,2,4,2,4,228,164.18035844618672,1609.4312707809006
684,684,684,29539,QAT,2020-04-07,2057,3,2,4,2,4,225,186.56978347254227,1808.6719649662798
685,685,685,29540,QAT,2020-04-08,2210,3,2,4,2,4,153,201.73440921254658,2027.6946719648931
686,686,686,29541,QAT,2020-04-09,2376,3,2,4,2,4,166,221.6072500202663,2271.9935122860284
687,687,687,29542,QAT,2020-04-10,2512,3,2,4,2,4,136,240.2022544805689,2527.5925715675035
688,688,688,29543,QAT,2020-04-11,2728,3,2,4,2,4,216,250.6141432162753,2803.342551293388
689,689,689,29544,QAT,2020-04-12,2979,3,2,4,2,4,251,274.8610818262817,3098.729056848483
690,690,690,29545,QAT,2020-04-13,3231,3,2,4,2,4,252,295.42583732056374,3419.149541805084
691,691,691,29546,QAT,2020-04-14,3428,3,2,4,2,4,197,319.0484956613301,3755.2973805853835
692,692,692,29547,QAT,2020-04-15,3711,3,2,4,2,4,283,335.2325845430098,4112.579109561123
693,693,693,29548,QAT,2020-04-16,4103,3,2,4,2,4,392,357.2817289757396,4485.29859703171
694,694,694,29549,QAT,2020-04-17,4663,3,2,4,2,4,560,372.7194874705895,4890.840645527358
695,695,695,29550,QAT,2020-04-18,5008,3,2,4,2,4,345,405.5420484956472,5320.441732219419
696,696,696,29551,QAT,2020-04-19,5448,3,2,4,2,4,440,429.6010866920617,5774.333306300988
697,697,697,29552,QAT,2020-04-20,6015,3,2,4,2,4,567,453.89157408156717,6261.3882896762025
698,698,698,29553,QAT,2020-04-21,6533,3,2,4,2,4,518,487.054983375216,6775.8235341819045
699,699,699,29554,QAT,2020-04-22,7141,3,2,4,2,4,608,514.4352445056992,7323.577893114656
700,700,700,29555,QAT,2020-04-23,7764,3,2,4,2,4,623,547.7543589327519,7903.808206957793
701,701,701,29556,QAT,2020-04-24,8525,3,2,4,2,4,761,580.2303138431391,8510.947936095718
702,702,702,29557,QAT,2020-04-25,9358,3,2,4,2,4,833,607.1397291379236,9149.424134295354
703,703,703,29558,QAT,2020-04-26,10287,3,2,4,2,4,929,638.4761981996369,9826.54196739889
704,704,704,29559,QAT,2020-04-27,11244,3,2,4,2,4,957,677.1178331035362,10536.812748357424
705,705,705,29560,QAT,2020-04-28,11921,3,2,4,2,4,677,710.2707809585347,11281.909982969353
706,706,706,29561,QAT,2020-04-29,12564,3,2,4,2,4,643,745.0972346119272,12063.495255858792
707,707,707,29562,QAT,2020-04-30,13409,3,2,4,2,4,845,781.5852728894383,12875.762792960377
708,708,708,29563,QAT,2020-05-01,14096,3,2,4,2,4,687,812.2675371015854,13721.028464844221
709,709,709,29564,QAT,2020-05-02,14872,3,2,4,2,4,776,845.2656718838401,14592.2301516498
710,710,710,29565,QAT,2020-05-03,15551,3,2,4,2,4,679,871.2016868055812,15512.635877057275
711,711,711,29566,QAT,2020-05-04,16191,3,2,4,2,4,640,920.4057254074776,16485.846889951572
712,712,712,29567,QAT,2020-05-05,17142,3,2,4,2,4,951,973.2110128942971,17502.213607979273
713,713,713,29568,QAT,2020-05-06,17972,3,2,4,2,4,830,1016.3667180276994,18559.861649500606
714,714,714,29569,QAT,2020-05-07,18890,3,2,4,2,4,918,1057.6480415213318,19664.510583082592
715,715,715,29570,QAT,2020-05-08,20201,3,2,4,2,4,1311,1104.6489335819904,20810.402319356985
716,716,716,29571,QAT,2020-05-09,21331,3,2,4,2,4,1130,1145.8917362743905,21996.613981022667
717,717,717,29572,QAT,2020-05-10,22520,3,2,4,2,4,1189,1186.2116616656792,23225.966993754762
718,718,718,29573,QAT,2020-05-11,23623,3,2,4,2,4,1103,1229.3530127320955,24502.590138674022
719,719,719,29574,QAT,2020-05-12,25149,3,2,4,2,4,1526,1276.6231449192642,25814.5977617378
720,720,720,29575,QAT,2020-05-13,26539,3,2,4,2,4,1390,1312.007623063777,27158.517314085497
721,721,721,29576,QAT,2020-05-14,28272,3,2,4,2,4,1733,1343.9195523476947,28540.060497931034
722,722,722,29577,QAT,2020-05-15,29425,3,2,4,2,4,1153,1381.5431838455445,29957.92587786774
723,723,723,29578,QAT,2020-05-16,30972,3,2,4,2,4,1547,1417.8653799366953,31406.513583649863
724,724,724,29579,QAT,2020-05-17,32604,3,2,4,2,4,1632,1448.5877057821247,32894.190657690844
725,725,725,29580,QAT,2020-05-18,33969,3,2,4,2,4,1365,1487.6770740409827,34416.5432649408
726,726,726,29581,QAT,2020-05-19,35606,3,2,4,2,4,1637,1522.3526072499676,35974.664666286946
727,727,727,29582,QAT,2020-05-20,37097,3,2,4,2,4,1491,1558.1214013461465,37565.488930336855
728,728,728,29583,QAT,2020-05-21,38651,3,2,4,2,4,1554,1590.8242640498995,39182.53993998727
729,729,729,29584,QAT,2020-05-22,40481,3,2,4,2,4,1830,1617.051009650418,40828.30305733374
730,730,730,29585,QAT,2020-05-23,42213,3,2,4,2,4,1732,1645.7631173464677,42501.6169004932
731,731,731,29586,QAT,2020-05-24,43714,3,2,4,2,4,1501,1673.3138431594582,44203.6562322586
732,732,732,29587,QAT,2020-05-25,45465,3,2,4,2,4,1751,1702.0393317654095,45928.762063091395
733,733,733,29588,QAT,2020-05-26,47207,3,2,4,2,4,1742,1725.1058308328,47670.72216365092
734,734,734,29589,QAT,2020-05-27,48947,3,2,4,2,4,1740,1741.9601005595043,49418.09869434585
735,735,735,29590,QAT,2020-05-28,50914,3,2,4,2,4,1967,1747.3765306949356,51169.14524369297
736,736,736,29591,QAT,2020-05-29,52907,3,2,4,2,4,1993,1751.0465493471127,52927.421052629725
737,737,737,29592,QAT,2020-05-30,55262,3,2,4,2,4,2355,1758.275808936764,54685.40880706969
738,738,738,29593,QAT,2020-05-31,56910,3,2,4,2,4,1648,1757.987754439968,56443.10420890241
739,739,739,29594,QAT,2020-06-01,58433,3,2,4,2,4,1523,1757.6954018327176,58193.2483983436
740,740,740,29595,QAT,2020-06-02,60259,3,2,4,2,4,1826,1750.1441894411844,59921.199821585775
741,741,741,29596,QAT,2020-06-03,62160,3,2,4,2,4,1901,1727.9514232421743,61632.03941285973
742,742,742,29597,QAT,2020-06-04,63741,3,2,4,2,4,1581,1710.8395912739654,63318.4719811834
743,743,743,29598,QAT,2020-06-05,65495,3,2,4,2,4,1754,1686.432568323678,64981.35358040484
744,744,744,29599,QAT,2020-06-06,67195,3,2,4,2,4,1700,1662.8815992214165,66632.21093179558
745,745,745,29600,QAT,2020-06-07,68790,3,2,4,2,4,1595,1650.8573513907459,68259.47619819727
746,746,746,29601,QAT,2020-06-08,70158,3,2,4,2,4,1368,1627.2652664016946,69861.87308409454
747,747,747,29602,QAT,2020-06-09,71879,3,2,4,2,4,1721,1602.396885897276,71431.02943799927
748,748,748,29603,QAT,2020-06-10,73595,3,2,4,2,4,1716,1569.156353904738,72974.2271510801
749,749,749,29604,QAT,2020-06-11,75071,3,2,4,2,4,1476,1543.1977130807993,74486.26250912076
750,750,750,29605,QAT,2020-06-12,76588,3,2,4,2,4,1517,1512.0353580406575,75974.6164950099
751,751,751,29606,QAT,2020-06-13,78416,3,2,4,2,4,1828,1488.3539858891706,77421.52242315843
752,752,752,29607,QAT,2020-06-14,79602,3,2,4,2,4,1186,1446.9059281485181,78834.64333792604
753,753,753,29608,QAT,2020-06-15,80876,3,2,4,2,3,1274,1413.1209147676086,80215.21604086978
754,754,754,29609,QAT,2020-06-16,82077,3,2,4,2,3,1201,1380.5727029437521,81551.084583567
755,755,755,29610,QAT,2020-06-17,83174,3,2,4,2,3,1097,1335.8685426972204,82848.92587786588
756,756,756,29611,QAT,2020-06-18,84441,3,2,4,2,3,1267,1297.841294298876,84101.88346443628
757,757,757,29612,QAT,2020-06-19,85462,3,2,4,2,3,1021,1252.9575865703882,85311.60911523504
758,758,758,29613,QAT,2020-06-20,86488,3,2,4,2,3,1026,1209.7256507987572,86484.51366474437
759,759,759,29614,QAT,2020-06-21,87369,3,2,4,2,3,881,1172.9045495093255,87619.14743329513
760,760,760,29615,QAT,2020-06-22,88403,3,2,4,2,3,1034,1134.6337685507672,88706.82556158963
761,761,761,29616,QAT,2020-06-23,89579,3,2,4,2,3,1176,1087.678128294504,89753.09472061967
762,762,762,29617,QAT,2020-06-24,90778,3,2,4,2,3,1199,1046.26915903005,90756.4007785225
763,763,763,29618,QAT,2020-06-25,91838,3,2,4,2,3,1060,1003.3060579028116,91718.5757846047
764,764,764,29619,QAT,2020-06-26,92784,3,2,4,2,3,946,962.175006082198,92645.78047197792
765,765,765,29620,QAT,2020-06-27,93663,3,2,4,2,3,879,927.2046873732544,93540.21620306217
766,766,766,29621,QAT,2020-06-28,94413,3,2,4,2,3,750,894.4357310842278,94417.33103559802
767,767,767,29622,QAT,2020-06-29,95106,3,2,4,2,3,693,877.1148325358544,95266.67139728802
768,768,768,29623,QAT,2020-06-30,96088,3,2,4,2,3,982,843.3356181485002,96068.5168512775
769,769,769,29624,QAT,2020-07-01,97003,3,2,4,2,3,915,810.1525323412487,96841.98014086773
770,770,770,29625,QAT,2020-07-02,97897,3,2,4,2,3,894,777.6370142276503,97587.80877105238
771,771,771,29626,QAT,2020-07-03,98653,3,2,4,2,3,756,745.8605029212241,98306.75024682176
772,772,772,29627,QAT,2020-07-04,99183,3,2,4,2,3,530,714.8944375354904,98999.55207316617
773,773,773,29628,QAT,2020-07-05,99799,3,2,4,2,3,616,684.8102571839684,99666.961755076
774,774,774,29629,QAT,2020-07-06,100345,3,2,4,2,3,546,655.6794009801786,100309.72679754156
775,775,775,29630,QAT,2020-07-07,100945,3,2,4,2,3,600,627.5733080376406,100928.59470555314
776,776,776,29631,QAT,2020-07-08,101553,3,2,4,2,3,608,600.5634174698735,101524.31298410114
777,777,777,29632,QAT,2020-07-09,102110,3,2,4,2,3,557,574.7211683903979,102097.62913817578
778,778,778,29633,QAT,2020-07-10,102630,3,2,4,2,3,520,550.117999912733,102649.29067276751
779,779,779,29634,QAT,2020-07-11,103128,3,2,4,2,3,498,526.8253511503988,103180.0450928666
780,780,780,29635,QAT,2020-07-12,103598,3,2,4,2,3,470,504.9146612169152,103690.6399034634
781,781,781,29636,QAT,2020-07-13,104016,3,2,4,2,3,418,484.45736922580187,104181.82260954822
782,782,782,29637,QAT,2020-07-14,104533,3,2,4,2,3,517,465.5249142905785,104654.34071611143
783,783,783,29638,QAT,2020-07-15,104983,3,2,4,2,3,450,448.1887355247648,105108.9417281433
784,784,784,29639,QAT,2020-07-16,105477,3,2,4,2,3,494,432.52027204188073,105546.3731506342
785,785,785,29640,QAT,2020-07-17,105898,3,2,4,2,3,421,418.5909629554458,105967.38248857444
786,786,786,29641,QAT,2020-07-18,106308,3,2,4,2,3,410,406.47224737898017,106372.71724695439
787,787,787,29642,QAT,2020-07-19,106648,3,2,4,2,3,340,396.2355644260035,106763.12493076432
788,788,788,29643,QAT,2020-07-20,107037,3,2,4,2,3,389,387.95235321003486,107139.35304499461
789,789,789,29644,QAT,2020-07-21,107430,3,2,4,2,3,393,381.69405284459503,107502.14909463556
790,790,790,29645,QAT,2020-07-22,107871,3,2,4,2,3,441,377.53210244320326,107852.26058467753
791,791,791,29646,QAT,2020-07-23,108244,3,2,4,2,3,373,375.53794111937935,108190.43502011082
792,792,792,29647,QAT,2020-07-24,108638,3,2,4,2,3,394,375.7830079866432,108517.41990592577
793,793,793,29648,QAT,2020-07-25,109036,3,2,4,2,3,398,378.3387421585148,108833.9627471127
794,794,794,29649,QAT,2020-07-26,109305,3,2,4,2,3,269,383.2765827485132,109140.81104866196
795,795,795,29650,QAT,2020-07-27,109305,3,2,4,2,3,0,390.6679688701584,109438.71231556387
